method,target,seed,N,L,r,phi1,stage1_iterations,stage2_iterations,objective_evaluations,gradient_evaluations,runtime_s,overlap_energy,min_normalized_gap,soft_loss_total,soft_loss_rdf,soft_loss_ardf,soft_loss_nnd,soft_loss_voronoi,soft_loss_voronoi_cv,soft_loss_coordination,soft_loss_mean_coordination,loss_rdf,loss_ardf,loss_nn,loss_voronoi,loss_cv,loss_coord_distribution,loss_coord_mean,loss_overlap,loss_reg,loss_total,conv_error_rdf,conv_error_ardf,conv_error_nnd,conv_error_voronoi,conv_error_voronoi_cv,conv_error_coordination,conv_error_mean_coordination,conv_error_average,success,status_message,r_h,phi_rh,method_specific_updates
overlap_only,image,0,349,10.0,0.21681174785100282,0.5153958541738062,436,0,0,0,3.1204009000211954,0.0,0.00021209483963129954,0.009328101761639118,1.547799797663174e-06,1.385429193589971e-08,7.424022624036297e-05,6.456537812482566e-05,0.007527240552008152,0.0,0.0,1.547799797663174e-06,1.385429193589971e-08,7.424022624036297e-05,6.456537812482566e-05,0.007527240552008152,nan,nan,0.0,0.0,0.009328101761639118,0.1782021642148208,0.23408826531200608,2.154580487955866,0.4709157653230581,0.34959262655492024,0.11844038449438474,0.02680965147452471,0.504661335047083,True,overlap_only,0.22223204154727788,0.5414877692913551,436
rdf_only,image,0,349,10.0,0.21681174785100282,0.5153958541738062,436,25,26,26,4.963212600006955,0.0,0.00022318603298586347,0.0032929503358900547,2.0650587373438611e-07,6.8915340101227684e-09,7.056871254462749e-06,2.7083173335995525e-05,0.0035536836367100477,0.0,0.0,2.0650587373438611e-07,6.8915340101227684e-09,7.056871254462749e-06,2.7083173335995525e-05,0.0035536836367100477,nan,nan,0.0,0.0014537740498781204,0.0032929503358900547,0.05784027010296455,0.19033471712639807,0.8556763794462683,0.33659885771989917,0.24131042785629392,0.2105767317665896,0.03619302949060818,0.2755043447870031,True,target_loss,0.22223204154727788,0.5414877692913551,461
rdf_ardf,image,0,349,10.0,0.21681174785100282,0.5153958541738062,436,25,26,26,5.763257299986435,0.0,0.00022312549818343145,0.0029052146710455418,1.6574840344674158e-07,5.296125316078815e-09,3.7263987451297e-06,2.381696685915813e-05,0.003228472312912345,0.0,0.0,1.6574840344674158e-07,5.296125316078815e-09,3.7263987451297e-06,2.381696685915813e-05,0.003228472312912345,nan,nan,0.0,0.0014661486493423581,0.0029052146710455418,0.07454326209522286,0.19410746834051112,0.9589522104223316,0.2476835688105116,0.22254843973940527,0.23280133628303015,0.05093833780159676,0.2830820890703728,True,target_loss,0.22223204154727788,0.5414877692913551,461
gradient_free,image,0,349,10.0,0.21681174785100282,0.5153958541738062,436,600,1802,0,30.27621330000693,0.0,0.00022278767726403916,0.002115316689014435,4.2518794884927047e-07,6.507507421815717e-09,1.624595597604639e-06,2.2216721845325083e-05,0.0016743808519095182,0.0,0.0,4.2518794884927047e-07,6.507507421815717e-09,1.624595597604639e-06,2.2216721845325083e-05,0.0016743808519095182,nan,nan,0.0,4.4596061343327165e-05,0.002115316689014435,0.07446430181372463,0.19873876373441265,0.6396211269495182,0.37586974556297775,0.16568529964834416,0.2187063868801543,0.010723860589809802,0.24054421216842026,True,max_iters,0.22223204154727788,0.5414877692913551,1036
proposed,image,0,349,10.0,0.21681174785100282,0.5153958541738062,436,35,36,36,9.316600799909793,0.0,0.0002231166987386404,1.7208058125106618e-05,8.084926150786487e-08,4.71194727680313e-09,2.499614311091136e-06,3.2457141969644e-06,6.138770380914593e-09,0.0,0.0,8.084926150786487e-08,4.71194727680313e-09,2.499614311091136e-06,3.2457141969644e-06,6.138770380914593e-09,nan,nan,0.0,0.0019097209442406893,1.7208058125106618e-05,0.050520717158101455,0.18270648498609396,0.7224865574561692,0.2808819074643655,0.006143345955061365,0.12841962557410863,0.008042895442357352,0.19702879057660816,True,target_loss,0.22223204154727788,0.5414877692913551,471
overlap_only,image,1,349,10.0,0.21681174785100282,0.5153958541738062,440,0,0,0,3.132518099999288,0.0,0.00021215719554970561,0.014540326781570911,1.4544591522280825e-06,1.3056376424458449e-08,7.998781075002626e-05,9.720969683257863e-05,0.009923502802848816,0.0,0.0,1.4544591522280825e-06,1.3056376424458449e-08,7.998781075002626e-05,9.720969683257863e-05,0.009923502802848816,nan,nan,0.0,0.0,0.014540326781570911,0.1886586690206509,0.22732851177666152,2.190175028341832,0.5504590641867863,0.39113027831891783,0.19505643112953036,0.02680965147452471,0.5385168048927005,True,overlap_only,0.22223204154727788,0.5414877692913551,440
rdf_only,image,1,349,10.0,0.21681174785100282,0.5153958541738062,440,25,26,26,4.425149599992437,0.0,0.000223219264767354,0.002243136754259467,9.239575859965043e-08,4.0045748939121495e-09,9.377794413012452e-06,2.2015388822183013e-05,0.002977075520902872,0.0,0.0,9.239575859965043e-08,4.0045748939121495e-09,9.377794413012452e-06,2.2015388822183013e-05,0.002977075520902872,nan,nan,0.0,0.0013069132110103965,0.002243136754259467,0.0437876258346424,0.1844716247461389,0.6974099441698869,0.20961351061881,0.18987109694735357,0.17033574970959114,0.02412868632707226,0.21708831976478504,True,target_loss,0.22223204154727788,0.5414877692913551,465
rdf_ardf,image,1,349,10.0,0.21681174785100282,0.5153958541738062,440,25,26,26,7.11632160001318,0.0,0.00022343014899964313,0.0022811570670455694,2.1147852180547488e-07,5.5802007459249126e-09,7.186273251136299e-06,2.0033750843140297e-05,0.002828325843438506,0.0,0.0,2.1147852180547488e-07,5.5802007459249126e-09,7.186273251136299e-06,2.0033750843140297e-05,0.002828325843438506,nan,nan,0.0,0.0013065841048955917,0.0022811570670455694,0.04518219798438486,0.1745762523009672,0.8097090502550638,0.25265430313141585,0.21516922000953265,0.21507811721103667,0.03485254691688206,0.24960309825846907,True,target_loss,0.22223204154727788,0.5414877692913551,465
gradient_free,image,1,349,10.0,0.21681174785100282,0.5153958541738062,440,600,1802,0,32.31747239999822,0.0,0.00022307555194464959,0.003867002669721842,3.343276091527514e-07,4.56628379552626e-09,1.9178417005605297e-06,3.340972398291342e-05,0.002425946295261383,0.0,0.0,3.343276091527514e-07,4.56628379552626e-09,1.9178417005605297e-06,3.340972398291342e-05,0.002425946295261383,nan,nan,0.0,4.1061164665734395e-05,0.003867002669721842,0.07693899781643875,0.18142825008071076,0.7007206544973265,0.3787079205909733,0.20249986668356218,0.047520373777625025,0.00938337801608368,0.2281713487803886,True,max_iters,0.22223204154727788,0.5414877692913551,1040
proposed,image,1,349,10.0,0.21681174785100282,0.5153958541738062,440,33,34,34,6.135359599953517,0.0,0.00022363160838893956,4.416335286805406e-05,7.68741443835097e-08,3.5961589262001326e-09,4.79232312500244e-06,7.171774541347986e-06,1.586825237609446e-05,0.0,0.0,7.68741443835097e-08,3.5961589262001326e-09,4.79232312500244e-06,7.171774541347986e-06,1.586825237609446e-05,nan,nan,0.0,0.0018122575711458921,4.416335286805406e-05,0.049027741524667934,0.1754634254868571,0.6258339638083243,0.17255571551429225,0.017499779139137993,0.17233272003298275,0.024128686327072053,0.17669171883333348,True,target_loss,0.22223204154727788,0.5414877692913551,473
overlap_only,image,2,349,10.0,0.21681174785100282,0.5153958541738062,388,0,0,0,2.81949930000701,0.0,0.00021636184296023396,0.009773756377398968,1.2215572269269614e-06,1.3226036266189567e-08,7.582371472381055e-05,7.627212471561506e-05,0.00773342652246356,0.0,0.0,1.2215572269269614e-06,1.3226036266189567e-08,7.582371472381055e-05,7.627212471561506e-05,0.00773342652246356,nan,nan,0.0,0.0,0.009773756377398968,0.15971417277841818,0.22931884925816187,2.197991649153634,0.45090582406416785,0.364723514318545,0.11581129388286596,0.02010723860589348,0.5055103631516694,True,overlap_only,0.22223204154727788,0.5414877692913551,388
rdf_only,image,2,349,10.0,0.21681174785100282,0.5153958541738062,388,25,26,26,4.397087699995609,0.0,0.0002228519746851711,0.0037822893355041742,1.6958505000275181e-07,7.674078261743489e-09,1.1029000233975239e-05,4.236252425471321e-05,0.0045837899670004845,0.0,0.0,1.6958505000275181e-07,7.674078261743489e-09,1.1029000233975239e-05,4.236252425471321e-05,0.0045837899670004845,nan,nan,0.0,0.0014170495560392737,0.0037822893355041742,0.04528604013846404,0.2002426518899776,0.8058153127095619,0.39600771088485714,0.273821930530166,0.20228956012930707,0.03485254691688206,0.2797593933141737,True,target_loss,0.22223204154727788,0.5414877692913551,413
rdf_ardf,image,2,349,10.0,0.21681174785100282,0.5153958541738062,388,25,26,26,4.935179199994309,0.0,0.00022284515344462468,0.004140988923609257,2.1448585130201536e-07,9.25178245125835e-09,1.2643657100852579e-05,4.3332340283086523e-05,0.005019125062972307,0.0,0.0,2.1448585130201536e-07,9.25178245125835e-09,1.2643657100852579e-05,4.3332340283086523e-05,0.005019125062972307,nan,nan,0.0,0.0014295678120106459,0.004140988923609257,0.05367478679844981,0.2088828828272017,0.8877408367549924,0.2638888131374232,0.26249969556592145,0.20959957228628942,0.02144772117961981,0.2725334726499854,True,target_loss,0.22223204154727788,0.5414877692913551,413
gradient_free,image,2,349,10.0,0.21681174785100282,0.5153958541738062,388,600,1802,0,33.18567480001366,0.0,0.0002232045736086164,0.0023780043702572584,3.896460043506522e-07,9.35068023011354e-09,1.8784920712278108e-06,2.169805702578742e-05,0.002122595440596342,0.0,0.0,3.896460043506522e-07,9.35068023011354e-09,1.8784920712278108e-06,2.169805702578742e-05,0.002122595440596342,nan,nan,0.0,3.9771159208612517e-05,0.0023780043702572584,0.05941343913312178,0.20273254580851893,0.5725507602234745,0.2286855131025534,0.1451058754794167,0.14564773156481364,0.012064343163535923,0.19517145835363356,True,max_iters,0.22223204154727788,0.5414877692913551,988
proposed,image,2,349,10.0,0.21681174785100282,0.5153958541738062,388,25,26,26,6.522255700081587,0.0,0.00022309255033913333,9.804396540857852e-05,5.7793840824160725e-08,5.471698205639086e-09,2.790093958537909e-06,2.7672122087096795e-06,1.680250534263905e-05,0.0,0.0,5.7793840824160725e-08,5.471698205639086e-09,2.790093958537909e-06,2.7672122087096795e-06,1.680250534263905e-05,nan,nan,0.0,0.001628730446100235,9.804396540857852e-05,0.04256144854868882,0.1918607676170437,0.7694233837607979,0.2529275907214569,0.016437022605333567,0.07067800919180545,0.004021447721178779,0.19255852430947212,True,target_loss,0.22223204154727788,0.5414877692913551,413
overlap_only,image,3,349,10.0,0.21681174785100282,0.5153958541738062,472,0,0,0,3.522110599995358,0.0,0.00021422711326214843,0.00999736413359642,1.4152632274999633e-06,1.4107810031305235e-08,8.562448783777654e-05,6.538939487654716e-05,0.007796006742864847,0.0,0.0,1.4152632274999633e-06,1.4107810031305235e-08,8.562448783777654e-05,6.538939487654716e-05,0.007796006742864847,nan,nan,0.0,0.0,0.00999736413359642,0.16634995848267917,0.22793084032957428,2.2799968974636156,0.4334063974527475,0.38568120210887225,0.13989619249416677,0.0013404825737261213,0.519228852986483,True,overlap_only,0.22223204154727788,0.5414877692913551,472
rdf_only,image,3,349,10.0,0.21681174785100282,0.5153958541738062,472,25,26,26,4.8508594000013545,0.0,0.0002230963268805805,0.005137136671692133,1.3776229934592266e-07,5.758943100175884e-09,8.813562089926563e-06,5.305725790094584e-05,0.006369628012180328,0.0,0.0,1.3776229934592266e-07,5.758943100175884e-09,8.813562089926563e-06,5.305725790094584e-05,0.006369628012180328,nan,nan,0.0,0.001454619807191193,0.005137136671692133,0.05415807967935153,0.19250496089915167,0.7633837387930674,0.3642011628837319,0.32046584097999453,0.1945294879845671,0.028150134048250834,0.2739133436097307,True,target_loss,0.22223204154727788,0.5414877692913551,497
rdf_ardf,image,3,349,10.0,0.21681174785100282,0.5153958541738062,472,25,26,26,5.415476900001522,0.0,0.00022348782532427918,0.004676120821386576,1.574447736629736e-07,4.66523975006794e-09,1.222756145580206e-05,5.3973177273292094e-05,0.005997942760586739,0.0,0.0,1.574447736629736e-07,4.66523975006794e-09,1.222756145580206e-05,5.3973177273292094e-05,0.005997942760586739,nan,nan,0.0,0.0014137888792902231,0.004676120821386576,0.04527571646498867,0.1700297298086225,0.6650029682900264,0.28600035025319215,0.26249969556592145,0.2277495255202863,0.02680965147452471,0.24048109105393745,True,target_loss,0.22223204154727788,0.5414877692913551,497
gradient_free,image,3,349,10.0,0.21681174785100282,0.5153958541738062,472,600,1802,0,33.02690940001048,0.0,0.00022289576156106448,0.0025077674072235823,5.332653927325737e-07,7.3625567864610275e-09,2.9341872505028732e-06,1.643803625483997e-05,0.0019765840843319893,0.0,0.0,5.332653927325737e-07,7.3625567864610275e-09,2.9341872505028732e-06,1.643803625483997e-05,0.0019765840843319893,nan,nan,0.0,3.762776032090187e-05,0.0025077674072235823,0.07754662815550294,0.20678210621310283,0.6521170610584045,0.29852834201117145,0.1807319841371386,0.20161187125606814,0.017426273458440823,0.23353489518426132,True,max_iters,0.22223204154727788,0.5414877692913551,1072
proposed,image,3,349,10.0,0.21681174785100282,0.5153958541738062,472,34,35,35,6.496060500037856,0.0,0.00022311369555274825,3.9505732274847105e-05,1.256878761068947e-07,5.403970160244853e-09,3.4470426726329606e-06,3.001421646331437e-06,4.389768946566619e-05,0.0,0.0,1.256878761068947e-07,5.403970160244853e-09,3.4470426726329606e-06,3.001421646331437e-06,4.389768946566619e-05,nan,nan,0.0,0.0016632536426186562,3.9505732274847105e-05,0.044211708254170694,0.18105757937452094,0.8748797148493658,0.22732202322905418,0.030516997722400442,0.11901674013408903,0.005361930294904901,0.21176667055121515,True,target_loss,0.22223204154727788,0.5414877692913551,506
overlap_only,image,4,349,10.0,0.21681174785100282,0.5153958541738062,322,0,0,0,2.407130000006873,0.0,0.00021484186402736857,0.010243846103549004,1.1150559657835402e-06,1.2920446046393863e-08,8.416150376433507e-05,6.855704850750044e-05,0.009417226538062096,0.0,0.0,1.1150559657835402e-06,1.2920446046393863e-08,8.416150376433507e-05,6.855704850750044e-05,0.009417226538062096,nan,nan,0.0,0.0,0.010243846103549004,0.17542034032349144,0.23840248983713308,2.2229322545709977,0.40557428525808137,0.40119377189089483,0.052318209634425954,0.02278820375334593,0.5026613650383386,True,overlap_only,0.22223204154727788,0.5414877692913551,322
rdf_only,image,4,349,10.0,0.21681174785100282,0.5153958541738062,322,25,26,26,4.044353899982525,0.0,0.0002231017932932906,0.003032148350030184,7.795144796318709e-08,4.672117803750098e-09,7.016848030616529e-06,3.267699503339827e-05,0.0036019603721797466,0.0,0.0,7.795144796318709e-08,4.672117803750098e-09,7.016848030616529e-06,3.267699503339827e-05,0.0036019603721797466,nan,nan,0.0,0.0014527230523526669,0.003032148350030184,0.051730140115993035,0.17893053738730388,0.8599655109795724,0.26881689230501726,0.25666090003150627,0.16336355722338902,0.010723860589809802,0.2557416283760846,True,target_loss,0.22223204154727788,0.5414877692913551,347
rdf_ardf,image,4,349,10.0,0.21681174785100282,0.5153958541738062,322,25,26,26,4.715936299995519,0.0,0.0002232672573323091,0.0032880811486393213,9.852788451780725e-08,3.583730201484059e-09,7.268746230693068e-06,3.3648328098934144e-05,0.003980620298534632,0.0,0.0,9.852788451780725e-08,3.583730201484059e-09,7.268746230693068e-06,3.3648328098934144e-05,0.003980620298534632,nan,nan,0.0,0.0014492436312139034,0.0032880811486393213,0.04389753665274554,0.16758903839068306,0.9146082325740852,0.2688168923050172,0.24846692105231571,0.21995436498065243,0.02949061662197716,0.2704033717967823,True,target_loss,0.22223204154727788,0.5414877692913551,347
gradient_free,image,4,349,10.0,0.21681174785100282,0.5153958541738062,322,600,1802,0,34.235204099997645,0.0,0.0002233852801655734,0.0022165921982377768,2.2749077288608532e-07,6.998152723980411e-09,2.8391543764882954e-06,2.2965627067605965e-05,0.001995648490265012,0.0,0.0,2.2749077288608532e-07,6.998152723980411e-09,2.8391543764882954e-06,2.2965627067605965e-05,0.001995648490265012,nan,nan,0.0,3.992618803749792e-05,0.0022165921982377768,0.059431840874080454,0.19663243481505965,0.5101777032984456,0.2906724976035189,0.17400018502759868,0.09468006030509779,0.013404825737262252,0.19128564966586617,True,max_iters,0.22223204154727788,0.5414877692913551,922
proposed,image,4,349,10.0,0.21681174785100282,0.5153958541738062,322,34,35,35,5.913153900066391,0.0,0.0002231257153496129,2.5207024009432644e-05,1.4372423606801021e-07,6.6365757334097e-09,1.4536115031660302e-06,8.319909284182359e-06,7.554849162261235e-06,0.0,0.0,1.4372423606801021e-07,6.6365757334097e-09,1.4536115031660302e-06,8.319909284182359e-06,7.554849162261235e-06,nan,nan,0.0,0.001644013449549675,2.5207024009432644e-05,0.055838766424476,0.1864225627961937,0.7963330593790547,0.24332185838915116,0.03539975573687841,0.18236479915576825,0.0013404825737261213,0.2144316120650355,True,target_loss,0.22223204154727788,0.5414877692913551,356
overlap_only,numerical,0,349,10.0,0.21681174785100282,0.5153958541738062,436,0,0,0,3.2382809999980964,0.0,0.00021209483963129954,0.00011472209735075012,9.403312617450865e-08,5.616058285085046e-09,4.385420879771118e-07,3.5108205338474363e-06,6.419257260859013e-05,0.0,0.0,9.403312617450865e-08,5.616058285085046e-09,4.385420879771118e-07,3.5108205338474363e-06,6.419257260859013e-05,nan,nan,0.0,0.0,0.00011472209735075012,0.04630232003597797,0.19501761744323617,0.03996418608733944,0.24415345150382411,0.006075809696393296,0.10456262741445638,0.010899182561305289,0.09242502782036181,True,overlap_only,0.22223204154727788,0.5414877692913551,436
rdf_only,numerical,0,349,10.0,0.21681174785100282,0.5153958541738062,436,25,26,26,8.386273300013272,0.0,0.00022313279805144949,0.02637459523975849,1.3965267271487392e-06,1.5040308554148396e-08,0.00012281068484298885,0.00017635029507800937,0.025388427078723907,0.0,0.0,1.3965267271487392e-06,1.5040308554148396e-08,0.00012281068484298885,0.00017635029507800937,0.025388427078723907,nan,nan,0.0,0.001302093151025474,0.02637459523975849,0.14368291487041182,0.2262280701910119,0.5067808591790552,0.7049282547607169,0.4762728239407638,0.28431294312737143,0.025885558583099957,0.33829877495034727,True,target_loss,0.22223204154727788,0.5414877692913551,461
rdf_ardf,numerical,0,349,10.0,0.21681174785100282,0.5153958541738062,436,25,26,26,10.256253500003368,0.0,0.00022350585059718428,0.02758098766207695,1.4693904404339264e-06,1.6892307996840827e-08,0.0001274152018595487,0.00018761550018098205,0.027649246156215668,0.0,0.0,1.4693904404339264e-06,1.6892307996840827e-08,0.0001274152018595487,0.00018761550018098205,0.027649246156215668,nan,nan,0.0,0.0013128411956131458,0.02758098766207695,0.16901173982097448,0.23681645744185623,0.5958998308269811,0.599925169924425,0.46119314417705976,0.32733279992659037,0.019073569482284256,0.34417895880002447,True,target_loss,0.22223204154727788,0.5414877692913551,461
gradient_free,numerical,0,349,10.0,0.21681174785100282,0.5153958541738062,436,600,1802,0,39.93261050002184,0.0,0.00022284104445555967,0.0018102030735462904,5.977021828584839e-07,9.477171047933552e-09,7.33271663193591e-05,2.392528040218167e-05,0.0015443325974047184,0.0,0.0,5.977021828584839e-07,9.477171047933552e-09,7.33271663193591e-05,2.392528040218167e-05,0.0015443325974047184,nan,nan,0.0,4.11672008340247e-05,0.0018102030735462904,0.13607756062990242,0.21643856578531814,0.6712495651424276,0.37870221038357205,0.08981311782427023,0.22620354878403548,0.020435967302447525,0.24841721940742476,True,max_iters,0.22223204154727788,0.5414877692913551,1036
proposed,numerical,0,349,10.0,0.21681174785100282,0.5153958541738062,436,40,41,41,10.262641899986193,0.0,0.0002228300064189524,6.807260797359049e-05,8.697704743099166e-07,1.4390240998807258e-08,6.514022970804945e-05,1.6200407117139548e-05,7.369884770014323e-06,0.0,0.0,8.697704743099166e-07,1.4390240998807258e-08,6.514022970804945e-05,1.6200407117139548e-05,7.369884770014323e-06,nan,nan,0.0,0.001731577212922275,6.807260797359049e-05,0.16337052261374868,0.2169940838949898,0.6658951890283509,0.29475517282144653,0.012621251288691553,0.2773046089250858,0.0640326975476689,0.24213907515999744,True,target_loss,0.22223204154727788,0.5414877692913551,476
overlap_only,numerical,1,349,10.0,0.21681174785100282,0.5153958541738062,440,0,0,0,3.2818001999985427,0.0,0.00021215719554970561,0.0004098239878658205,7.741558505358626e-08,4.668311959221683e-09,2.3265471327249543e-07,6.46831813355675e-06,2.3474827685276978e-05,0.0,0.0,7.741558505358626e-08,4.668311959221683e-09,2.3265471327249543e-07,6.46831813355675e-06,2.3474827685276978e-05,nan,nan,0.0,0.0,0.0004098239878658205,0.045267603058061094,0.19322335611512642,0.02675738390200915,0.22940619693507797,0.024515107951128705,0.13143318462955536,0.010899182561305289,0.09450028787889485,True,overlap_only,0.22223204154727788,0.5414877692913551,440
rdf_only,numerical,1,349,10.0,0.21681174785100282,0.5153958541738062,440,25,26,26,8.164910199993756,0.0,0.00022341662575015223,0.024383632466197014,1.5544535472145071e-06,1.381951797441161e-08,0.00013610662426799536,0.00018090974481310695,0.02420528046786785,0.0,0.0,1.5544535472145071e-06,1.381951797441161e-08,0.00013610662426799536,0.00018090974481310695,0.02420528046786785,nan,nan,0.0,0.0012997315498068929,0.024383632466197014,0.168409117828246,0.22549762349217822,0.5988959812405006,0.6616106356358242,0.44971068635480493,0.30544698510349777,0.020435967302447313,0.3471438567082142,True,target_loss,0.22223204154727788,0.5414877692913551,465
rdf_ardf,numerical,1,349,10.0,0.21681174785100282,0.5153958541738062,440,25,26,26,8.70070499999565,0.0,0.00022295796363870862,0.023175092414021492,2.229959818578209e-06,1.8543177660035326e-08,0.00015131908003240824,0.00016388123913202435,0.02362067438662052,0.0,0.0,2.229959818578209e-06,1.8543177660035326e-08,0.00015131908003240824,0.00016388123913202435,0.02362067438662052,nan,nan,0.0,0.0012234437745064497,0.023175092414021492,0.1861142768347209,0.23984907240075606,0.6024107488729514,0.6129491695080991,0.43292277425597236,0.1762120718542091,0.013623978201631824,0.3234402988469058,True,target_loss,0.22223204154727788,0.5414877692913551,465
gradient_free,numerical,1,349,10.0,0.21681174785100282,0.5153958541738062,440,600,1802,0,37.68761470000027,0.0,0.0002229122273563862,0.0008105796878226101,5.786649239780672e-07,7.864980666738575e-09,7.394452404696494e-05,1.529935070720967e-05,0.0010846569202840328,0.0,0.0,5.786649239780672e-07,7.864980666738575e-09,7.394452404696494e-05,1.529935070720967e-05,0.0010846569202840328,nan,nan,0.0,3.7391684600152075e-05,0.0008105796878226101,0.1477285462551039,0.20465013355239584,0.6379467039352719,0.2981207072678147,0.07237641989741403,0.09621277003185637,0.020435967302447525,0.211067321177472,True,max_iters,0.22223204154727788,0.5414877692913551,1040
proposed,numerical,1,349,10.0,0.21681174785100282,0.5153958541738062,440,42,43,43,10.1139453999931,0.0,0.00022311442638157675,8.296520536532626e-05,1.3142092711859732e-06,1.7127657514492967e-08,6.951601972104982e-05,3.480912710074335e-05,2.824992043315433e-05,0.0,0.0,1.3142092711859732e-06,1.7127657514492967e-08,6.951601972104982e-05,3.480912710074335e-05,2.824992043315433e-05,nan,nan,0.0,0.0016293737571686506,8.296520536532626e-05,0.17984016604871936,0.24423928617003254,0.6442036895920491,0.32494147742412804,0.038908932915676486,0.2795298881043559,0.07220708446864786,0.25483864638908704,True,target_loss,0.22223204154727788,0.5414877692913551,482
overlap_only,numerical,2,349,10.0,0.21681174785100282,0.5153958541738062,388,0,0,0,2.9280431999941356,0.0,0.00021636184296023396,0.00010408316302346066,6.661743867653058e-08,7.034588467291769e-09,1.510135234639165e-07,2.1794712665723637e-06,4.667342363973148e-05,0.0,0.0,6.661743867653058e-08,7.034588467291769e-09,1.510135234639165e-07,2.1794712665723637e-06,4.667342363973148e-05,nan,nan,0.0,0.0,0.00010408316302346066,0.046732844329051386,0.20250891422428857,0.025707662909296103,0.15257462315224002,0.005067519833662837,0.10765381384290709,0.004087193460489378,0.0777617959645622,True,overlap_only,0.22223204154727788,0.5414877692913551,388
rdf_only,numerical,2,349,10.0,0.21681174785100282,0.5153958541738062,388,25,26,26,7.82246149997809,0.0,0.00022281485401332154,0.026392536237835884,1.9864914975187276e-06,1.7846119249043113e-08,0.00013687762839253992,0.00017872214084491134,0.025640737265348434,0.0,0.0,1.9864914975187276e-06,1.7846119249043113e-08,0.00013687762839253992,0.00017872214084491134,0.025640737265348434,nan,nan,0.0,0.001298456103540957,0.026392536237835884,0.1648236868731695,0.23516441061839277,0.5065634655067176,0.5864703367894748,0.4398565880610496,0.2765149406614806,0.013623978201631613,0.3175739152445595,True,target_loss,0.22223204154727788,0.5414877692913551,413
rdf_ardf,numerical,2,349,10.0,0.21681174785100282,0.5153958541738062,388,25,26,26,8.753032999986317,0.0,0.00022341813181532314,0.02634618990123272,1.554333493913873e-06,1.5621600013560055e-08,0.00011843780521303415,0.0001765959896147251,0.026328394189476967,0.0,0.0,1.554333493913873e-06,1.5621600013560055e-08,0.00011843780521303415,0.0001765959896147251,0.026328394189476967,nan,nan,0.0,0.001285093603655696,0.02634618990123272,0.1500510837045499,0.2486793706061218,0.5056384996702782,0.6148451723512784,0.4536305619805539,0.21530762768581405,0.014986376021794668,0.3147340988600558,True,target_loss,0.22223204154727788,0.5414877692913551,413
gradient_free,numerical,2,349,10.0,0.21681174785100282,0.5153958541738062,388,600,1802,0,37.767310900002485,0.0,0.0002229012981015769,0.0017185325268656015,7.031151199043961e-07,1.2137201466089209e-08,7.920963253127411e-05,1.0479866432433482e-05,0.0013445642543956637,0.0,0.0,7.031151199043961e-07,1.2137201466089209e-08,7.920963253127411e-05,1.0479866432433482e-05,0.0013445642543956637,nan,nan,0.0,3.651528822956607e-05,0.0017185325268656015,0.14472851941787715,0.21830379109506726,0.7296806129183194,0.25644340341464383,0.11000221983602385,0.18231117046828438,0.032697547683916084,0.23916675211916175,True,max_iters,0.22223204154727788,0.5414877692913551,988
proposed,numerical,2,349,10.0,0.21681174785100282,0.5153958541738062,388,41,42,42,10.551596699981019,0.0,0.00022329434518550718,4.6323330025188625e-05,6.791136684114463e-07,9.17122289223471e-09,4.004469155916013e-05,1.4666071365354583e-05,3.2670226346454e-07,0.0,0.0,6.791136684114463e-07,9.17122289223471e-09,4.004469155916013e-05,1.4666071365354583e-05,3.2670226346454e-07,nan,nan,0.0,0.0016423518536612391,4.6323330025188625e-05,0.12720265116058677,0.20776430611997723,0.5287632921441768,0.186196416239584,0.018969134121679738,0.2973454233922885,0.0640326975476689,0.20432484581799457,True,target_loss,0.22223204154727788,0.5414877692913551,429
overlap_only,numerical,3,349,10.0,0.21681174785100282,0.5153958541738062,472,0,0,0,3.5778676999907475,0.0,0.00021422711326214843,7.560465019196272e-05,1.458837175505323e-07,5.062148478174322e-09,7.471808771697397e-07,3.3279611670877784e-06,4.194764551357366e-05,0.0,0.0,1.458837175505323e-07,5.062148478174322e-09,7.471808771697397e-07,3.3279611670877784e-06,4.194764551357366e-05,nan,nan,0.0,0.0,7.560465019196272e-05,0.05380257920997171,0.18485376903388046,0.023855701566337654,0.21807270200216886,0.02050206834687606,0.0818888499030618,0.017711171662121203,0.08581240596063111,True,overlap_only,0.22223204154727788,0.5414877692913551,472
rdf_only,numerical,3,349,10.0,0.21681174785100282,0.5153958541738062,472,25,26,26,8.548336499981815,0.0,0.00022345050285777247,0.027414608746767044,1.7748459413269302e-06,1.664066751061455e-08,0.0001298531424254179,0.00018700708460528404,0.027009928598999977,0.0,0.0,1.7748459413269302e-06,1.664066751061455e-08,0.0001298531424254179,0.00018700708460528404,0.027009928598999977,nan,nan,0.0,0.0012796306982636452,0.027414608746767044,0.16406992283327154,0.23930284496083254,0.5720075350279323,0.6203644186843859,0.44687731567067873,0.2529752978651349,0.013623978201631613,0.3298887590348382,True,target_loss,0.22223204154727788,0.5414877692913551,497
rdf_ardf,numerical,3,349,10.0,0.21681174785100282,0.5153958541738062,472,25,26,26,9.134862200007774,0.0,0.0002230969320549789,0.026723558083176613,1.4765404330319143e-06,1.3631972883842991e-08,0.00012171083653811365,0.00015722773969173431,0.026401951909065247,0.0,0.0,1.4765404330319143e-06,1.3631972883842991e-08,0.00012171083653811365,0.00015722773969173431,0.026401951909065247,nan,nan,0.0,0.0013155771885067225,0.026723558083176613,0.16562972175301996,0.23616946494720842,0.48554297950442454,0.5804857890120528,0.45974449055508015,0.22956200362809492,0.029972752043589547,0.31244388592049577,True,target_loss,0.22223204154727788,0.5414877692913551,497
gradient_free,numerical,3,349,10.0,0.21681174785100282,0.5153958541738062,472,600,1802,0,38.27260900000692,0.0,0.00022309985363400863,0.0015354297356680036,7.900511036496027e-07,8.412319729700357e-09,7.231716153910384e-05,1.8839129552361555e-05,0.0013329271459951997,0.0,0.0,7.900511036496027e-07,8.412319729700357e-09,7.231716153910384e-05,1.8839129552361555e-05,0.0013329271459951997,nan,nan,0.0,3.435567850829102e-05,0.0015354297356680036,0.16348219512011072,0.2115945506045815,0.6527389980300938,0.29531875875254576,0.08874035259455001,0.17413157304281535,0.03814713896456873,0.23202193815846656,True,max_iters,0.22223204154727788,0.5414877692913551,1072
proposed,numerical,3,349,10.0,0.21681174785100282,0.5153958541738062,472,40,41,41,11.489128399989568,0.0,0.00022356945755266556,4.6842476876918226e-05,9.30177293412271e-07,1.4974229856079546e-08,6.799955008318648e-05,2.2729809643351473e-05,4.418226495772615e-08,0.0,0.0,9.30177293412271e-07,1.4974229856079546e-08,6.799955008318648e-05,2.2729809643351473e-05,4.418226495772615e-08,nan,nan,0.0,0.0017030604649335146,4.6842476876918226e-05,0.15252605676171263,0.22475845401785335,0.5844843191364197,0.33202826216541376,0.031168801871552968,0.24611119541185425,0.06539509536783195,0.23378174067609123,True,target_loss,0.22223204154727788,0.5414877692913551,512
overlap_only,numerical,4,349,10.0,0.21681174785100282,0.5153958541738062,322,0,0,0,2.4971147000032943,0.0,0.00021484186402736857,6.998820754233748e-05,9.271711576275266e-08,7.337539464913334e-09,6.417496223320995e-08,6.6757461354427505e-06,5.156071892997716e-06,0.0,0.0,9.271711576275266e-08,7.337539464913334e-09,6.417496223320995e-08,6.6757461354427505e-06,5.156071892997716e-06,nan,nan,0.0,0.0,6.998820754233748e-05,0.05687907008296322,0.20721947199703764,0.016594225052936326,0.17914180369989569,0.03192649232248943,0.1344487281915793,0.0068119891008157005,0.09043168292110247,True,overlap_only,0.22223204154727788,0.5414877692913551,322
rdf_only,numerical,4,349,10.0,0.21681174785100282,0.5153958541738062,322,25,26,26,7.348568699992029,0.0,0.0002234259413347493,0.021276552230119705,1.385652808494342e-06,1.4618676047462031e-08,0.00012200749915791675,0.0001436033780919388,0.021251369267702103,0.0,0.0,1.385652808494342e-06,1.4618676047462031e-08,0.00012200749915791675,0.0001436033780919388,0.021251369267702103,nan,nan,0.0,0.001233639195561409,0.021276552230119705,0.17406471329528256,0.23761564081268463,0.4860153620218328,0.6141687003977933,0.4186308833475043,0.16510744585226095,0.016348773841957934,0.30170735993847375,True,target_loss,0.22223204154727788,0.5414877692913551,347
rdf_ardf,numerical,4,349,10.0,0.21681174785100282,0.5153958541738062,322,25,26,26,8.057107300002826,0.0,0.00022283058792470543,0.021476441994309425,1.7777754237613408e-06,1.6687261350512017e-08,0.00013700655836146325,0.00014790530258323997,0.021126113831996918,0.0,0.0,1.7777754237613408e-06,1.6687261350512017e-08,0.00013700655836146325,0.00014790530258323997,0.021126113831996918,nan,nan,0.0,0.0011753446888178587,0.021476441994309425,0.17243751364656607,0.24466688230461617,0.6347155507566142,0.568912521042738,0.40337054444081644,0.18191092592298655,0.008174386920978967,0.3163126178621881,True,target_loss,0.22223204154727788,0.5414877692913551,347
gradient_free,numerical,4,349,10.0,0.21681174785100282,0.5153958541738062,322,600,1802,0,39.20747570000822,0.0,0.00022326886460404753,0.0019671539776027203,8.934418929129606e-07,1.2501277346643747e-08,9.114605927607045e-05,2.605824738566298e-05,0.001407081144861877,0.0,0.0,8.934418929129606e-07,1.2501277346643747e-08,9.114605927607045e-05,2.605824738566298e-05,0.001407081144861877,nan,nan,0.0,3.731015385710634e-05,0.0019671539776027203,0.16940500756195978,0.22638773615440413,0.717809734282105,0.2839809171226287,0.09390120882609981,0.1713891721566488,0.035422343324242406,0.24261373134686978,True,max_iters,0.22223204154727788,0.5414877692913551,922
proposed,numerical,4,349,10.0,0.21681174785100282,0.5153958541738062,322,39,40,40,9.918101600022055,0.0,0.00022288300518147838,4.8788744607008994e-05,9.308013204645249e-07,9.513052567911018e-09,4.9298985686618835e-05,1.6352259990526363e-05,9.76588580670068e-06,0.0,0.0,9.308013204645249e-07,9.513052567911018e-09,4.9298985686618835e-05,1.6352259990526363e-05,9.76588580670068e-06,nan,nan,0.0,0.0017556401435285807,4.8788744607008994e-05,0.15043194974885396,0.2168780810341638,0.5922689464533324,0.3392120998515031,0.008560887424063374,0.27266597285385297,0.06539509536783195,0.2350590046762288,True,target_loss,0.22223204154727788,0.5414877692913551,361
