method,target,num_runs,success_rate,mean_runtime_s,std_runtime_s,median_runtime_s,min_runtime_s,max_runtime_s,mean_overlap_energy,min_overlap_energy,max_overlap_energy,mean_min_normalized_gap,min_min_normalized_gap,max_min_normalized_gap,mean_conv_error_average,std_conv_error_average,min_conv_error_average,max_conv_error_average,conv_error_iqr
gradient_free,image,5,1,32.60829480000539,1.3174688997565944,33.02690940001048,30.27621330000693,34.235204099997645,0.0,0.0,0.0,0.0002230697689087886,0.00022278767726403916,0.0002233852801655734,0.217741512830514,0.020432794992774853,0.19128564966586617,0.24054421216842026,0.03836343683062776
gradient_free,numerical,5,1,38.57352416000795,0.8688354919245923,38.27260900000692,37.68761470000027,39.93261050002184,0.0,0.0,0.0,0.0002230046576303158,0.00022284104445555967,0.00022326886460404753,0.23465739244187897,0.012933735524833427,0.211067321177472,0.24841721940742476,0.010591793188403226
overlap_only,image,5,1,3.000331780005945,0.3711419381802051,3.1204009000211954,2.407130000006873,3.522110599995358,0.0,0.0,0.0,0.00021393657108615123,0.00021209483963129954,0.00021636184296023396,0.5141157442232549,0.013536593971809112,0.5026613650383386,0.5385168048927005,0.014567517939400032
overlap_only,numerical,5,1,3.104621359996963,0.3670050483450324,3.2382809999980964,2.4971147000032943,3.5778676999907475,0.0,0.0,0.0,0.00021393657108615123,0.00021209483963129954,0.00021636184296023396,0.08818624010911048,0.005952825517506697,0.0777617959645622,0.09450028787889485,0.006612621859730702
proposed,image,5,1,6.876686100009829,1.2410994946859684,6.496060500037856,5.913153900066391,9.316600799909793,0.0,0.0,0.0,0.0002232160536738149,0.00022309255033913333,0.00022363160838893956,0.19849546326713288,0.013732351769369516,0.17669171883333348,0.2144316120650355,0.019208146241743024
proposed,numerical,5,1,10.467082799994387,0.5512898095483628,10.262641899986193,9.918101600022055,11.489128399989568,0.0,0.0,0.0,0.00022313824814403606,0.0002228300064189524,0.00022356945755266556,0.23402866254387983,0.016626927099406743,0.20432484581799457,0.25483864638908704,0.008357334483906215
rdf_ardf,image,5,1,5.589234259998193,0.8465115157037529,5.415476900001522,4.715936299995519,7.11632160001318,0.0,0.0,0.0,0.00022323117665685752,0.00022284515344462468,0.00022348782532427918,0.2632206245659094,0.015718283472171347,0.24048109105393745,0.2830820890703728,0.022930374391516323
rdf_ardf,numerical,5,1,8.980392199999187,0.725817494965313,8.753032999986317,8.057107300002826,10.256253500003368,0.0,0.0,0.0,0.00022316189320618007,0.00022283058792470543,0.00022350585059718428,0.322221972057934,0.011577506359372096,0.31244388592049577,0.34417895880002447,0.00870619998684996
rdf_only,image,5,1,4.536132639995776,0.33315080229343963,4.425149599992437,4.044353899982525,4.963212600006955,0.0,0.0,0.0,0.00022309107852245194,0.0002228519746851711,0.000223219264767354,0.26040140597035544,0.023165231954601434,0.21708831976478504,0.2797593933141737,0.01976271641091848
rdf_only,numerical,5,1,8.054110039991793,0.42856003758119326,8.164910199993756,7.348568699992029,8.548336499981815,0.0,0.0,0.0,0.000223248144401489,0.00022281485401332154,0.00022345050285777247,0.3269225331752866,0.015939390934254883,0.30170735993847375,0.3471438567082142,0.020724859705787746
