reference,scale,num_particles,nominal_area_fraction,statistics_area_fraction,attempts,accepted,success_rate,stage2_target_loss,iterations_mean,iterations_sample_sd,runtime_mean_s,runtime_sample_sd_s,minimum_normalized_gap,maximum_penetration,final_soft_objective_mean,final_soft_objective_sample_sd,status,provenance
image,1,349,0.5153958541738062,0.5414877692913551,10,10,1.0,0.0001,594.3,117.69079072817134,13.550699009990785,1.8910052675184834,0.00022298153447430913,0.0,5.163444784557214e-05,1.897459619924279e-05,accepted,target_loss_1e-4_complete_run_archive
image,2,1396,0.5153958541738062,0.5414877692913551,10,10,1.0,0.0001,855.0,145.15279306073765,151.68741125001105,9.117627821592135,0.00022333312641853453,0.0,6.990042747929692e-05,1.7151293799394205e-05,accepted,target_loss_1e-4_complete_run_archive
image,4,5584,0.5153958541738062,0.5414877692913551,10,10,1.0,0.0001,1075.3,163.74848599808996,1435.658497189975,53.71982551575961,0.00022300632703098344,0.0,6.758919262210839e-05,1.5667367975963598e-05,accepted,target_loss_1e-4_complete_run_archive
numerical_phi_0.50,1,144,0.5026548245743669,0.5281017250684441,10,10,1.0,0.0001,514.1,83.48978646783355,3.7436499399947936,1.4537142732664763,9.619149019401974e-05,0.0,8.449126107734628e-05,1.2077563437962749e-05,accepted,target_loss_1e-4_complete_run_archive
numerical_phi_0.50,2,573,0.5000368306963754,0.5253511952503793,10,10,1.0,0.0001,723.0,173.96423642678846,43.569561589998195,4.0398780816368465,9.656520956369263e-05,0.0,7.408756773656933e-05,2.16777570047079e-05,accepted,target_loss_1e-4_complete_run_archive
numerical_phi_0.50,4,2292,0.5000368306963754,0.5253511952503793,10,10,1.0,0.0001,1685.9,145.88690444618013,2340.9968154899775,438.4377897144029,9.692590662813139e-05,0.0,9.527423098916188e-05,4.51523716859634e-06,accepted,target_loss_1e-4_complete_run_archive
numerical_phi_0.60,1,172,0.6003932626860493,0.6307881716095305,10,10,1.0,0.0001,894.4,129.8753248311626,5.620938229979947,0.8314911077424736,9.655237647554493e-05,0.0,7.291145921044518e-05,1.9884422319285338e-05,accepted,target_loss_1e-4_complete_run_archive
numerical_phi_0.60,2,688,0.6003932626860493,0.6307881716095305,10,10,1.0,0.0001,1315.9,227.5309258589307,86.72460435997928,7.079698812631104,9.66849353649657e-05,0.0,7.076535148371476e-05,2.6789129563928312e-05,accepted,target_loss_1e-4_complete_run_archive
numerical_phi_0.60,4,2751,0.60017509652955,0.6305589607913584,10,10,1.0,0.0001,3443.5,449.76666790187505,8108.970062630006,1366.2436446846407,9.686013397280924e-05,0.0,9.722585236886516e-05,1.8016562538342627e-06,accepted,target_loss_1e-4_complete_run_archive
numerical_phi_0.70,1,201,0.7016223593017205,0.73714199124137,10,10,1.0,0.0001,2489.4,581.6190429405756,31.092603780014905,34.749919709558924,9.664421827726422e-05,0.0,9.162707865471021e-05,5.732326146622774e-06,accepted,target_loss_1e-4_complete_run_archive
numerical_phi_0.70,2,803,0.7007496946757233,0.7362251479686818,10,10,1.0,0.0001,3619.2,867.5267270938816,302.76266474998556,82.11950158418172,9.686452281720825e-05,0.0,7.309952343348414e-05,1.5517320015293003e-05,accepted,target_loss_1e-4_complete_run_archive
numerical_phi_0.70,4,3209,0.7000951962062254,0.7355375155141655,10,10,1.0,0.0001,4951.1,915.2464695370313,1214.991922840022,263.0023467081497,9.682082241124768e-05,0.0,9.487786810495891e-05,3.6131775907935833e-06,accepted,target_loss_1e-4_complete_run_archive
